name	run_id	submitted_utc	reason	attempt	run_tag	resume_from	max_iters	commit	priority
osc_stiffness	isaaclab_train_rsl_rl-1328	2026-09-28T01:30:56Z	initial-osccap	1	-dr_osc_stiffness-comp-osccap-g2e2048		6000	c93192d3619bd34a0f1b591f74fbed1a5a9007b5	LOW
osc_damping_ratio	isaaclab_train_rsl_rl-1329	2026-09-28T01:31:01Z	initial-osccap	1	-dr_osc_damping_ratio-comp-osccap-g4e1024		6000	c93192d3619bd34a0f1b591f74fbed1a5a9007b5	LOW
grp_controller	isaaclab_train_rsl_rl-1330	2026-09-28T01:31:06Z	initial-osccap	1	-dr_grp_controller-comp-osccap-g2e2048		6000	c93192d3619bd34a0f1b591f74fbed1a5a9007b5	LOW
all_on	isaaclab_train_rsl_rl-1331	2026-09-28T01:31:14Z	initial-osccap	1	-dr_all_on-comp-osccap-g2e2048		6000	c93192d3619bd34a0f1b591f74fbed1a5a9007b5	HIGH
osc_stiffness	isaaclab_train_rsl_rl-1342	2026-09-28T03:28:35Z	relaunch	2	-dr_osc_stiffness-comp-osccap-g2e2048-r2	c93192d3619bd34a0f1b591f74fbed1a5a9007b5-dr_osc_stiffness-comp-osccap-g2e2048/displayport_insertion_rizon4s/2026-09-28_01-38-42_dr_osccap_comp_osc_stiffness	6000	c93192d3619bd34a0f1b591f74fbed1a5a9007b5	LOW
osc_damping_ratio	isaaclab_train_rsl_rl-1353	2026-09-28T08:39:57Z	relaunch	2	-dr_osc_damping_ratio-comp-osccap-g4e1024-r2	c93192d3619bd34a0f1b591f74fbed1a5a9007b5-dr_osc_damping_ratio-comp-osccap-g4e1024/displayport_insertion_rizon4s/2026-09-28_01-36-37_dr_osccap_comp_osc_damping_ratio	6000	c93192d3619bd34a0f1b591f74fbed1a5a9007b5	LOW
grp_controller	isaaclab_train_rsl_rl-1381	2026-09-28T09:24:31Z	relaunch	2	-dr_grp_controller-comp-osccap-g2e2048-r2	c93192d3619bd34a0f1b591f74fbed1a5a9007b5-dr_grp_controller-comp-osccap-g2e2048/displayport_insertion_rizon4s/2026-09-28_01-39-14_dr_osccap_comp_grp_controller	6000	c93192d3619bd34a0f1b591f74fbed1a5a9007b5	LOW
osc_stiffness	isaaclab_train_rsl_rl-1382	2026-09-28T09:24:35Z	relaunch	3	-dr_osc_stiffness-comp-osccap-g2e2048-r3	c93192d3619bd34a0f1b591f74fbed1a5a9007b5-dr_osc_stiffness-comp-osccap-g2e2048/displayport_insertion_rizon4s/2026-09-28_01-38-42_dr_osccap_comp_osc_stiffness	6000	c93192d3619bd34a0f1b591f74fbed1a5a9007b5	LOW
osc_damping_ratio	isaaclab_train_rsl_rl-1383	2026-09-28T09:25:19Z	relaunch	3	-dr_osc_damping_ratio-comp-osccap-g4e1024-r3	c93192d3619bd34a0f1b591f74fbed1a5a9007b5-dr_osc_damping_ratio-comp-osccap-g4e1024/displayport_insertion_rizon4s/2026-09-28_01-36-37_dr_osccap_comp_osc_damping_ratio	6000	c93192d3619bd34a0f1b591f74fbed1a5a9007b5	LOW
grp_controller	isaaclab_train_rsl_rl-1416	2026-09-28T10:08:37Z	relaunch	3	-dr_grp_controller-comp-osccap-g2e2048-r3	c93192d3619bd34a0f1b591f74fbed1a5a9007b5-dr_grp_controller-comp-osccap-g2e2048/displayport_insertion_rizon4s/2026-09-28_01-39-14_dr_osccap_comp_grp_controller	6000	c93192d3619bd34a0f1b591f74fbed1a5a9007b5	LOW
osc_stiffness	isaaclab_train_rsl_rl-1417	2026-09-28T10:08:59Z	relaunch	4	-dr_osc_stiffness-comp-osccap-g2e2048-r4	c93192d3619bd34a0f1b591f74fbed1a5a9007b5-dr_osc_stiffness-comp-osccap-g2e2048/displayport_insertion_rizon4s/2026-09-28_01-38-42_dr_osccap_comp_osc_stiffness	6000	c93192d3619bd34a0f1b591f74fbed1a5a9007b5	HIGH
osc_damping_ratio	isaaclab_train_rsl_rl-1420	2026-09-28T10:52:32Z	relaunch	4	-dr_osc_damping_ratio-comp-osccap-g4e1024-r4	c93192d3619bd34a0f1b591f74fbed1a5a9007b5-dr_osc_damping_ratio-comp-osccap-g4e1024/displayport_insertion_rizon4s/2026-09-28_01-36-37_dr_osccap_comp_osc_damping_ratio	6000	c93192d3619bd34a0f1b591f74fbed1a5a9007b5	HIGH
grp_controller	isaaclab_train_rsl_rl-1421	2026-09-28T10:52:41Z	relaunch	4	-dr_grp_controller-comp-osccap-g2e2048-r4	c93192d3619bd34a0f1b591f74fbed1a5a9007b5-dr_grp_controller-comp-osccap-g2e2048/displayport_insertion_rizon4s/2026-09-28_01-39-14_dr_osccap_comp_grp_controller	6000	c93192d3619bd34a0f1b591f74fbed1a5a9007b5	HIGH
